timestamp,tweet_text,username,all_hashtags,followers_count
2021-11-22 12:36:15+00:00,"#Cat #Food Project Report 2021: Manufacturing Process, Plant Cost, Business Plan, Raw Materials, Plant Setup, Industry Analysis, Machinery Requirements, 2026 ‚Äì Syndicated Analytics  https://t.co/k6KSBV9UZm https://t.co/qKwhIxeVjc",b'JamieCo78336894',"['Cat', 'Food']",0
2021-11-22 12:35:35+00:00,90min #workout ‚úÖ Edit my #twitchstreaming highlights ‚úÖ Have #breakfast ‚úÖ Get #cuddles from my #cat ‚úÖ Be ready for #work before #8am ‚úÖ Let's crush this #Monday!  #fitness #MotivationMonday,b'kilzorgaming',"['workout', 'twitchstreaming', 'breakfast', 'cuddles', 'cat', 'work', '8am', 'Monday', 'fitness', 'MotivationMonday']",29
2021-11-22 12:32:28+00:00,A cat‚Äôs eyesight is both better and worse than humans. It is better because cats can see in much dimmer light and they have a wider peripheral view. It‚Äôs worse because they don‚Äôt see color as well as humans do. Scientists believe grass appears red to cats.  #Cat #CatFact,b'ArielPinco',"['Cat', 'CatFact']",22
2021-11-22 12:32:12+00:00,üò∫ü§©üôåüèªSOLD! Thank you!‚ù§Ô∏è  Acoustic guitar - Guitar - Pin | TeePublic   üõíüíï Shop &gt;&gt; https://t.co/8v4SJCoJ75  @TeePublic #TeePublic #batkei #cat #Áå´ #kitty #blackcat #ÈªíÁå´ #„Åè„Çç„Å≠„Åì #ÈªíÁå´ÈÉ® #pins #accessory #Áº∂„Éê„ÉÉ„Ç∏ #gift https://t.co/ygKUtavCjl,b'BATKEIART',"['TeePublic', 'batkei', 'cat', 'Áå´', 'kitty', 'blackcat', 'ÈªíÁå´', '„Åè„Çç„Å≠„Åì', 'ÈªíÁå´ÈÉ®', 'pins', 'accessory', 'Áº∂„Éê„ÉÉ„Ç∏', 'gift']",3775
2021-11-22 12:32:02+00:00,Stand off between #cat and #kingcobra #wildlife #vadodara https://t.co/penbRrIiTu,b'amitanam',"['cat', 'kingcobra', 'wildlife', 'vadodara']",663
2021-11-22 12:29:51+00:00,‚ÄúGood Education is a Foundation for a Better future.‚Äù Congratulations to our students on their successful attempt at their CBE exams.  #LCBS #LCBS_Dhaka #success_Story #Congrats #excellent_result #ACCA #CBE #exam_Center #CAT #showcasingskillsglobally #skillBangladesh https://t.co/wYHsPQEI1C,b'lcbs_dhaka',"['LCBS', 'LCBS_Dhaka', 'success_Story', 'Congrats', 'excellent_result', 'ACCA', 'CBE', 'exam_Center', 'CAT', 'showcasingskillsglobally', 'skillBangladesh']",20
2021-11-22 12:28:00+00:00,"‚ÄúMoney can buy you a fine #dog,but only #love can make him #wag his #tail.Kinky Friedman: dogsofinstagram #dogs #puppy #dogstagram #doglover #instadog #doglife #love #dogoftheday #doglovers #pet #cute #puppylove #pets #puppiesofinstagram #instagram #doggo #puppies #cat #animals https://t.co/BtEC991pty",b'PlusBeds',"['dog', 'love', 'wag', 'tail', 'dogs', 'puppy', 'dogstagram', 'doglover', 'instadog', 'doglife', 'love', 'dogoftheday', 'doglovers', 'pet', 'cute', 'puppylove', 'pets', 'puppiesofinstagram', 'instagram', 'doggo', 'puppies', 'cat', 'animals']",141
2021-11-22 12:18:13+00:00,A magnificent view of istanbul and happiness of stray cats‚Ä¶ üòªüòª  #MeetInIstanbul¬†#eventprofs¬†#meetingprofs #meetingindustry #istanbul #congress #events #incentiveideas¬†#ICCAWorld¬†#goodmorning #goodweek #cat #rumelihisari #rumelifortress https://t.co/E5JOoNXgbz,b'istanbul_cvb',"['MeetInIstanbul', 'eventprofs', 'meetingprofs', 'meetingindustry', 'istanbul', 'congress', 'events', 'incentiveideas', 'ICCAWorld', 'goodmorning', 'goodweek', 'cat', 'rumelihisari', 'rumelifortress']",5249
2021-11-22 12:18:08+00:00,little Woollyworm has some multicolored beans #cats #catsoftwitter #catlovers #kitty #kitten #kittens #cat https://t.co/HFohmVyQBI,b'WeLoveCatUSA',"['cats', 'catsoftwitter', 'catlovers', 'kitty', 'kitten', 'kittens', 'cat']",219
2021-11-22 12:12:56+00:00,#pet #cats #cat #adorable #cute #kitten #petfinder I'm looking for a home!üòøüôÄüòø } https://t.co/WKrI7VdC0Q,b'imcodezero',"['pet', 'cats', 'cat', 'adorable', 'cute', 'kitten', 'petfinder']",16
2021-11-22 12:05:00+00:00,Hope everything is ok sweet baby ü•∞ üì∏ :Via : IG @tinyfoldmunchkin #Cats #CatsofTwitter #CatPicture #cat https://t.co/4Ybh1YzFmX,b'ReactionCats',"['Cats', 'CatsofTwitter', 'CatPicture', 'cat']",430
2021-11-22 12:02:33+00:00,Cute Gangster Cats!! I got this cute cat as a gift.ü•∞ üêà‚Äç‚¨õüêàüíú Thank you @parkyoungbum üôèüèªüéÅ https://t.co/TQ2Ay4x5ck  #NFTCommunity #cat #nftcollectors #NFTcollectibles #Klaytn,b'Loie__art',"['NFTCommunity', 'cat', 'nftcollectors', 'NFTcollectibles', 'Klaytn']",1384
2021-11-22 12:01:25+00:00,Please Hooman give me the foooooood! ‚Å† ‚Å† Anyone elses cat overly cute when the food bag is around?üòÑ‚Å† ‚Å† ‚Å† #purrandmiaow #cats #catsofig #catsofinstagram #catoftheday #cutecat #catlover #cat #catsagram #caturday #cute https://t.co/upbM6YmkAg,b'purrandmiaow',"['purrandmiaow', 'cats', 'catsofig', 'catsofinstagram', 'catoftheday', 'cutecat', 'catlover', 'cat', 'catsagram', 'caturday', 'cute']",65
2021-11-22 12:01:12+00:00,that classic #christmas #carol  #cat #cats #christmas2021 #meme https://t.co/snmN5in2nn,b'Ian_A_Blakeman',"['christmas', 'carol', 'cat', 'cats', 'christmas2021', 'meme']",293
2021-11-22 12:00:21+00:00,I‚Äôm still in my sick bed but my girls üê∂üê∂ and best boy üêà‚Äç‚¨õ are looking after me ü§ßü•∞ #cat #dog #sickbed https://t.co/i8eY8pvJBd,b'LoveTails25',"['cat', 'dog', 'sickbed']",439
2021-11-22 12:00:03+00:00,Kitten doesn't want to leave a warm bath - https://t.co/A05Sga5xRF #cat #catsoftwitter #animals #kitten #kittens #catlife #kitty #cute https://t.co/cDfG3hvGml,b'CatsVideosDaily',"['cat', 'catsoftwitter', 'animals', 'kitten', 'kittens', 'catlife', 'kitty', 'cute']",18048
2021-11-22 12:00:02+00:00,"üîç#QuirkyLondon: Clement Attlee, the pub cat who wears a judge's ruff at The Seven Stars in #Holborn  #pubcat #pubcats #pubswithcats #pubcatlondon #cat #cats #londoncat #londoncats #catsoflondon #quirky #quirkyfinds #quirkyplace #offbeatlondon #offbeat #pub #pubs #londonpub https://t.co/T4BZyBS8PX",b'SidetrackLondon',"['QuirkyLondon', 'Holborn', 'pubcat', 'pubcats', 'pubswithcats', 'pubcatlondon', 'cat', 'cats', 'londoncat', 'londoncats', 'catsoflondon', 'quirky', 'quirkyfinds', 'quirkyplace', 'offbeatlondon', 'offbeat', 'pub', 'pubs', 'londonpub']",123
2021-11-22 11:59:48+00:00,Monkey üêí Monday #cat #piano #monday https://t.co/PNflw5VJTV,b'tiltedaxes',"['cat', 'piano', 'monday']",282
2021-11-22 11:59:03+00:00,monday is hard #cat https://t.co/gFSG066cr9,b'tygra_the_cat',['cat'],49
2021-11-22 11:58:07+00:00,"If you are looking for a cat breed, then today, we will discuss this. Here we will discuss everything you need to know to choose the right Cat breeder and what you should be aware of. https://t.co/4pnN3bkdbd  #Cat #Breeders #BestCatBreeders #hirebreeders https://t.co/7UOkF68zgs",b'JacksonWesson',"['Cat', 'Breeders', 'BestCatBreeders', 'hirebreeders']",5
2021-11-22 11:54:15+00:00,He looks so evil ü§£ü§£ #cat https://t.co/cN6f5B27w6,b'daysanddays95',['cat'],19
2021-11-22 11:52:27+00:00,Pls help the blind kitty. Kitty needs help ‚ù§Ô∏è‚ú® #Vtuber #artistsontwitter #artist #ArtCommission #supportartist #cat #kitty https://t.co/CmQdZFvg4e,b'MuffinGirlLove',"['Vtuber', 'artistsontwitter', 'artist', 'ArtCommission', 'supportartist', 'cat', 'kitty']",330
2021-11-22 11:50:26+00:00,CATTTO is the law #cattto #binance #crypto #btc #trx #bnb #dogggo #troll #cat #catttotoken #thegoodtheuglyandthebad #clinteastwood #leevancleef https://t.co/oRZZDvrTTp,b'CATTTOtoken',"['cattto', 'binance', 'crypto', 'btc', 'trx', 'bnb', 'dogggo', 'troll', 'cat', 'catttotoken', 'thegoodtheuglyandthebad', 'clinteastwood', 'leevancleef']",4
2021-11-22 11:45:00+00:00,"Grooming your #cat not only keeps them looking presentable, it also helps to keep them healthy ‚ù§Ô∏è   Read on for our top tips on grooming your cat üëá  #catsoftwitter #catowners #catlovers  https://t.co/rjXrmQp7aH",b'healthypetclub',"['cat', 'catsoftwitter', 'catowners', 'catlovers']",1604
2021-11-22 11:44:30+00:00,"Hi! I'm Pesto, a Male Domestic Shorthair Cat. #DomesticShorthair #Cat #BillytheKiddenRescue https://t.co/xNc19Uw8WZ https://t.co/j8ic64MrtH",b'BillyTheKidden',"['DomesticShorthair', 'Cat', 'BillytheKiddenRescue']",386
2021-11-22 11:40:33+00:00,https://t.co/Pg409IMuSM  #NFTdrops 'Sitting Cat' on @opensea / #polygonNFT #NoGasFee #Gasless #matic #NFT #NFTs #NFTart #NFTartist #NFTCommunity #NFTCollection #Cryptoart #opensea #art #cat #graphic  #design https://t.co/WKvCWjRRMa,b'AngelasNFT',"['NFTdrops', 'polygonNFT', 'NoGasFee', 'Gasless', 'matic', 'NFT', 'NFTs', 'NFTart', 'NFTartist', 'NFTCommunity', 'NFTCollection', 'Cryptoart', 'opensea', 'art', 'cat', 'graphic', 'design']",1699
2021-11-22 11:38:12+00:00,Massage Brushes For Cats And Dogs #cat #animals https://t.co/M8Xk036Jv7 https://t.co/sqY0MoN3Yh,b'brands_pet',"['cat', 'animals']",48
2021-11-22 11:38:10+00:00,üëâ $23.99 üëà Ethernet Cable 40 FT Cat 8 Ethernet Cable High Speed 40Gbps with @iotcybersec24   #Ethernet #Cable #40 #FT #Cat #8 #Ethernet #Cable #cybersecurity #cybersecuritytips #cybersecuritynews #infosec #ethicalhacking   https://t.co/8CSOeqRI6m,b'iotcybersec24',"['Ethernet', 'Cable', 'FT', 'Cat', 'Ethernet', 'Cable', 'cybersecurity', 'cybersecuritytips', 'cybersecuritynews', 'infosec', 'ethicalhacking']",6121
2021-11-22 11:38:04+00:00,"Little adopt!‚ú®  I'm selling these four kittens to Adopt, interested, call me in private!  Each is $5 USD, all are $20 USDüíï Pay only by PayPal!  Base by;Mi_Line from Toyhouse!  #adoptable #adopt #furry #furryart #FurryAdopt #digitalart #neko #cute #cat https://t.co/8DvAMr86Cc",b'UselessArtist69',"['adoptable', 'adopt', 'furry', 'furryart', 'FurryAdopt', 'digitalart', 'neko', 'cute', 'cat']",1
2021-11-22 11:37:03+00:00,Ooo the ear scritches tiny blep   #Cats #Cat #Kittens #Kitten #Kitty #Pets #Pet #Meow #Moe #CuteCats #CuteCat #CuteKittens #CuteKitten #MeowMoe    https://t.co/KxwZ2BFWZu https://t.co/2SPkumw08u,b'MeowMoeDotCom',"['Cats', 'Cat', 'Kittens', 'Kitten', 'Kitty', 'Pets', 'Pet', 'Meow', 'Moe', 'CuteCats', 'CuteCat', 'CuteKittens', 'CuteKitten', 'MeowMoe']",20136
2021-11-22 11:36:01+00:00,Everyone say hello to my Emi Lou  I am looking forward to giving her a massive hug ü§ó  Love her to bits  #Amwriting #Writing #writingislife  #Cat #Cats #CatsOfTwitter https://t.co/4VKgUBPVfw,b'rebauthor1',"['Amwriting', 'Writing', 'writingislife', 'Cat', 'Cats', 'CatsOfTwitter']",30403
2021-11-22 11:35:20+00:00,A visitor from next door. He's called Monty  He shares our garden territory with a couple of other visitor cats and the squirrel.  He seems to have a Tom and Gerry relationship with the squirrel. _ #cat #squirrel #garden #tomandgerry https://t.co/HjFM7nG5Pb,b'thomaseverchild',"['cat', 'squirrel', 'garden', 'tomandgerry']",558
2021-11-22 11:33:30+00:00,Tag a friend who definitely needs it! ü§ó  Did you know?! We deliver free of charge all over the world! üòä  Get it here ‚Äî‚Äî&gt; https://t.co/XU44QH4sZe  #Art #Carnivore #Cat #Comfort #Felidae #Mammal #Organism #SmallToMedium-SizedCats #Vertebrate #Whiskers https://t.co/u7RaKKsYVI,b'topmall4all',"['Art', 'Carnivore', 'Cat', 'Comfort', 'Felidae', 'Mammal', 'Organism', 'SmallToMedium', 'Vertebrate', 'Whiskers']",6
2021-11-22 11:32:33+00:00,We met up with @rtllondon the other day. üê±üé• Sigi was in a relaxed mood and it was pretty interesting working with a TV crew!  #cat #catlovers #catlover #catlife #gatos #kot #chat #kedi #katze #gatto #katt #Ë≤ì #„Éç„Ç≥ #london #cyclinglife #cyclingphotos #fixedgear #trackbikes https://t.co/iob68CRW9r,b'sigirides',"['cat', 'catlovers', 'catlover', 'catlife', 'gatos', 'kot', 'chat', 'kedi', 'katze', 'gatto', 'katt', 'Ë≤ì', '„Éç„Ç≥', 'london', 'cyclinglife', 'cyclingphotos', 'fixedgear', 'trackbikes']",1
2021-11-22 11:32:07+00:00,"#MarkingsMonday - #FindStewie has a black 'cap' with white ears, and a black 'cape'  #REWARD for #STOLEN #Missing Black &amp; White #Cat,  from #Wollstonecraft, #Waverton, #NorthSydney,  #NSW https://t.co/U7NeEBcujP  * REWARD * #CrimeStoppers on 1800 333 000 Ref E75481475  #LostCat",b'petsarefound',"['MarkingsMonday', 'FindStewie', 'REWARD', 'STOLEN', 'Missing', 'Cat', 'Wollstonecraft', 'Waverton', 'NorthSydney', 'NSW', 'CrimeStoppers', 'LostCat']",9555
2021-11-22 11:32:03+00:00,covert cabinet loaf   #Cats #Cat #Kittens #Kitten #Kitty #Pets #Pet #Meow #Moe #CuteCats #CuteCat #CuteKittens #CuteKitten #MeowMoe    https://t.co/fTyEd4BtvX https://t.co/2JThM5vURF,b'MeowMoeDotCom',"['Cats', 'Cat', 'Kittens', 'Kitten', 'Kitty', 'Pets', 'Pet', 'Meow', 'Moe', 'CuteCats', 'CuteCat', 'CuteKittens', 'CuteKitten', 'MeowMoe']",20136
2021-11-22 11:31:03+00:00,"Don‚Äôt forget to have proper back support when you‚Äôre #workfromhome . #cat #catofinstagram #catsitseverywhere @ Paris, France https://t.co/CVqXnnMZzO",b'EleimaStargazer',"['workfromhome', 'cat', 'catofinstagram', 'catsitseverywhere']",404
2021-11-22 11:29:03+00:00,Sir Lancelot‚Äôs rowdy lifestyle is finally catching up to him and he‚Äôs starting to slow down at 17yr old   #Cats #Cat #Kittens #Kitten #Kitty #Pets #Pet #Meow #Moe #CuteCats #CuteCat #CuteKittens #CuteKitten #MeowMoe    https://t.co/2u17cNRspW https://t.co/YNmbMeqTid,b'MeowMoeDotCom',"['Cats', 'Cat', 'Kittens', 'Kitten', 'Kitty', 'Pets', 'Pet', 'Meow', 'Moe', 'CuteCats', 'CuteCat', 'CuteKittens', 'CuteKitten', 'MeowMoe']",20136
2021-11-22 11:27:34+00:00,Mafia III (Part 7) (Hard) (Trilogy Playthrough)  #twitch #twitchstreaming #cat #gaming #twitchaffilliate #2k  #Hangar13Games https://t.co/16dX33S5bq,b'xenniko',"['twitch', 'twitchstreaming', 'cat', 'gaming', 'twitchaffilliate', '2k', 'Hangar13Games']",74
2021-11-22 11:27:01+00:00,shelter from the rain  by J.F.Kooya  InkTober2021 Day23 LEAK  #inktober #inktober2021 #inktober2021day23 #art #illustration #drawing #ArtistOnTwitter #rain #cat #Èõ® #Áå´ https://t.co/0xfycYUCP6 2021-11-22 20:27,b'fujizuga',"['inktober', 'inktober2021', 'inktober2021day23', 'art', 'illustration', 'drawing', 'ArtistOnTwitter', 'rain', 'cat', 'Èõ®', 'Áå´']",297
2021-11-22 11:24:16+00:00,"New week, new cat pic! #CatPicOfTheWeek #Cat #CatsOfTwitter  Elsa is lazy üòÜ https://t.co/PJVHQpQf5q",b'StoRmsN_',"['CatPicOfTheWeek', 'Cat', 'CatsOfTwitter']",102
2021-11-22 11:18:11+00:00,How cute??Smiling face with smiling eyes 2 tap if you liked Orange heart please follow me: @thecattystation  #cat #cats  #catlover #catoftheday   #CatsOfTwitter https://t.co/nbrtNfbZ5m,b'thecattystation',"['cat', 'cats', 'catlover', 'catoftheday', 'CatsOfTwitter']",209
2021-11-22 11:16:56+00:00,#pet #cats #cat #adorable #cute #kitten #petfinder I'm looking for a home!üòøüôÄüòø } https://t.co/yFtW1bUd98,b'imcodezero',"['pet', 'cats', 'cat', 'adorable', 'cute', 'kitten', 'petfinder']",16
2021-11-22 11:16:13+00:00,black cat #blackandwhitephotography #photography #cat #monochrome https://t.co/YrjOHIZbZQ,b'FTY314',"['blackandwhitephotography', 'photography', 'cat', 'monochrome']",13
2021-11-22 11:15:12+00:00,We give them a home and in return they give us their love and loyalty.  #catlovers #cats #cat #of #catlife #catlover #catoftheday #meow #kitten #kittens #kitty #pets #pet #catlove #world #cute #catloversclub #love #gato #cutecats #cutecat #gatos #animals https://t.co/7NF5jNt0vJ,b'Catspoint1',"['catlovers', 'cats', 'cat', 'of', 'catlife', 'catlover', 'catoftheday', 'meow', 'kitten', 'kittens', 'kitty', 'pets', 'pet', 'catlove', 'world', 'cute', 'catloversclub', 'love', 'gato', 'cutecats', 'cutecat', 'gatos', 'animals']",663
2021-11-22 11:15:00+00:00,This is my lovely cat Mickey üò∫#cat #kitty #kittylove #catlovers https://t.co/RJl3RvLZnM,b's0otyy',"['cat', 'kitty', 'kittylove', 'catlovers']",7
2021-11-22 11:10:06+00:00,Did you know you live with a furry superhero? (Pssst ‚Äì it's your #cat!) https://t.co/JfgRK8lg52 #humor https://t.co/Cnv1umz7bt,b'CatMamasDotCom',"['cat', 'humor']",26247
2021-11-22 11:08:32+00:00,#cat #selfie montage with Cat Snaps App https://t.co/hbOPQ819po,b'CatSnapsApp',"['cat', 'selfie']",429
2021-11-22 11:07:46+00:00,The Kitten's Incredible Behavior to Steal My Love https://t.co/e3BGC2uNgk via @YouTube  #Ninifam #ÎãàÎãàÍ≥†ÏñëÏù¥ #xuni‚Äã #kitten‚Äã #cat #kittens #Cats #munchikin #animal #animals #YouTube,b'Scotland1983',"['Ninifam', 'ÎãàÎãàÍ≥†ÏñëÏù¥', 'xuni', 'kitten', 'cat', 'kittens', 'Cats', 'munchikin', 'animal', 'animals', 'YouTube']",623
2021-11-22 11:06:27+00:00,Misty Keeper  #cat #conceptart https://t.co/G1qRojoyeT,b'JieHuBaJa',"['cat', 'conceptart']",9
2021-11-22 11:06:22+00:00,Here for the treats Cat Halloween Sweater =&gt;&gt; Link to buy: https://t.co/hMMX5NhxBC #Hereforthetreats #Cat #Halloween #Sweater https://t.co/ifsuYcz9xd,b'ShirtWoof',"['Hereforthetreats', 'Cat', 'Halloween', 'Sweater']",5
2021-11-22 11:05:45+00:00,"How a #cat expresses #frustration over nothing.  You can pay your #CatTax by retweeting this or, better still, posting something original of your own.  #CatsOfTwitter #cats #humor https://t.co/WPe391Jx7K",b'joelsax47',"['cat', 'frustration', 'CatTax', 'CatsOfTwitter', 'cats', 'humor']",1631
2021-11-22 11:05:35+00:00,credits to Timur M at https://t.co/wtCUaA8EKx #cat #cats #cattwitter #gato #gatos #cute https://t.co/x0PTtr6gXh,b'randomkitties12',"['cat', 'cats', 'cattwitter', 'gato', 'gatos', 'cute']",72
2021-11-22 11:04:11+00:00,How cute??Smiling face with smiling eyes 2 tap if you liked Orange heart please follow me: @rogabriella28  #cat #cats  #catlover #catoftheday   #CatsOfTwitter https://t.co/qXgLDbJEJQ,b'rogabriella28',"['cat', 'cats', 'catlover', 'catoftheday', 'CatsOfTwitter']",73
2021-11-22 11:01:53+00:00,Anyone who watched this without wearing your headsets will regret it.....  #funny #cat #hilarious https://t.co/5ZRPcPt4S4,b'iChongqing_CIMC',"['funny', 'cat', 'hilarious']",123347
2021-11-22 11:00:37+00:00,"Happy Monday from Face of Rooke's 2021 winner, Bella!  #pet #pets #petproducts #animals #happypets #spalding #lincolnshire #petshop #dog #cat #dogs #petshoponline #petlovers #doglovers #cats #puppy #doglover #catlovers #petstore https://t.co/LxdmSCdmUw",b'Rookes_Pets',"['pet', 'pets', 'petproducts', 'animals', 'happypets', 'spalding', 'lincolnshire', 'petshop', 'dog', 'cat', 'dogs', 'petshoponline', 'petlovers', 'doglovers', 'cats', 'puppy', 'doglover', 'catlovers', 'petstore']",893
2021-11-22 11:00:27+00:00,Growing up before our eyes üê± Chip and Merida were born at the centre on the 20th of August this year. They've grown up so quickly and are now looking for a forever home üè° #kitten #cat #whitekitten #whitecat #rescuecat #rescue email info@rspcacornwall.org.uk for more info https://t.co/8hA3RuK8Um,b'CornwallRspca',"['kitten', 'cat', 'whitekitten', 'whitecat', 'rescuecat', 'rescue']",69
2021-11-22 10:59:48+00:00,#cute #cat Women‚Äôs Native Half-Print Sunglasses https://t.co/177HJfX6K4 https://t.co/VVogZtsADS,b'ShoppaloozaShop',"['cute', 'cat']",3
2021-11-22 10:49:52+00:00,Check out our new cat person tee! üò∏ Get your at: https://t.co/ujoIhNAGby  #cat #cats #catsagram #catstagram #instagood #kitten #kitty #kittens #pet #pets #animal #animals #petstagram #petsagram #shirts #ilovemycat #Twittercats #shopping #catoftheday #lovecats #Christmas #fashion https://t.co/HDgrepAsus,b'DOESITSAY1',"['cat', 'cats', 'catsagram', 'catstagram', 'instagood', 'kitten', 'kitty', 'kittens', 'pet', 'pets', 'animal', 'animals', 'petstagram', 'petsagram', 'shirts', 'ilovemycat', 'Twittercats', 'shopping', 'catoftheday', 'lovecats', 'Christmas', 'fashion']",0
2021-11-22 10:49:46+00:00,#Warzone with #randoms. #Enjoy the #chaos. #live #callofduty #chill #positive #cat #dog #Streaming on #Facebook and #Twitch https://t.co/oG0mLQkigT,b'deathbytoenail',"['Warzone', 'randoms', 'Enjoy', 'chaos', 'live', 'callofduty', 'chill', 'positive', 'cat', 'dog', 'Streaming', 'Facebook', 'Twitch']",6
2021-11-22 10:48:42+00:00,Nala sleeping  #Siamese #Pet #Cat #Mammal #Animal #Blanket #Furniture #Couch #Manx #Abyssinian #Person #Human https://t.co/R8UAWleXAa,b'ZavalaaAna',"['Siamese', 'Pet', 'Cat', 'Mammal', 'Animal', 'Blanket', 'Furniture', 'Couch', 'Manx', 'Abyssinian', 'Person', 'Human']",1357
2021-11-22 10:48:11+00:00,Check out our new cat person hoodie! üò∏ Get your at: https://t.co/ujoIhNAGby  #cat #cats #catsagram #catstagram #instagood #kitten #kitty #kittens #pet #pets #animal #animals #petstagram #petsagram #ilovemycat #Twittercats #shopping #catoftheday #lovecats #Christmas #fashion https://t.co/9IXvacIbAU,b'DOESITSAY1',"['cat', 'cats', 'catsagram', 'catstagram', 'instagood', 'kitten', 'kitty', 'kittens', 'pet', 'pets', 'animal', 'animals', 'petstagram', 'petsagram', 'ilovemycat', 'Twittercats', 'shopping', 'catoftheday', 'lovecats', 'Christmas', 'fashion']",0
2021-11-22 10:46:50+00:00,Check out our new cat person tee! üò∏ Get your at: https://t.co/ujoIhNAGby  #cat #cats #catsagram #catstagram #instagood #kitten #kitty #kittens #pet #pets #animal #animals #petstagram #petsagram #shirts #ilovemycat #Twittercats #shopping #catoftheday #lovecats #Christmas #fashion https://t.co/5gFZk7LKFs,b'DOESITSAY1',"['cat', 'cats', 'catsagram', 'catstagram', 'instagood', 'kitten', 'kitty', 'kittens', 'pet', 'pets', 'animal', 'animals', 'petstagram', 'petsagram', 'shirts', 'ilovemycat', 'Twittercats', 'shopping', 'catoftheday', 'lovecats', 'Christmas', 'fashion']",0
2021-11-22 10:46:16+00:00,Check out #PixelKitteNFTs on #opensea! The #presale #ended! Drop 1 with ca. 3 USD floor price is up now! #NFT #NFTartists #nftart #NFTCommunity #NFTGiveaways #nftcollectors #NFTLAUNCH #NFTart #cryptoart #pixel #pixelart #cats #Christmas #gifts #rare #NFTGiveaway #NFTshilling #cat,b'PixelKitteNFTs',"['PixelKitteNFTs', 'opensea', 'presale', 'ended', 'NFT', 'NFTartists', 'nftart', 'NFTCommunity', 'NFTGiveaways', 'nftcollectors', 'NFTLAUNCH', 'NFTart', 'cryptoart', 'pixel', 'pixelart', 'cats', 'Christmas', 'gifts', 'rare', 'NFTGiveaway', 'NFTshilling', 'cat']",1160
2021-11-22 10:44:48+00:00,"Sunripple, my old Warrior Cats OC #digitalart #sketch #Warriors #cat #OC https://t.co/Ah6AM7jnp4",b'Atropa_Artist',"['digitalart', 'sketch', 'Warriors', 'cat', 'OC']",3
2021-11-22 10:42:15+00:00,Repost:@cutiecatsforever .¬† .¬† .¬† .¬† .¬† .¬† .¬† .¬† .¬† #lovecats¬†#adoptdontshop¬†#bestmeow¬†#rescue#memesdaily¬†#memes¬†#kittens¬†#catlover#cutepetclub¬†#cat¬†#catlovers¬†#catstagram¬†#meow#weeklyfluff¬†#catlife¬†#instacat¬†#kitty¬†#kitten¬†#meow https://t.co/MdskTtXLxd,b'usacatlover40',"['lovecats', 'adoptdontshop', 'bestmeow', 'memes', 'kittens', 'cat', 'catlovers', 'catstagram', 'catlife', 'instacat', 'kitty', 'kitten', 'meow']",494
2021-11-22 10:40:59+00:00,"there are hundreds of cats waiting to be adopted with various themes, check it out here https://t.co/mLKPYnx37j now the cheapest price is 0.0025 polygon network, thanks for visiting üôè  #NFTartwork #nftart   #opensea #digitalart   #NFT #NFTCommunity  #nftcollector  #cat #kitten",b'JC0690_',"['NFTartwork', 'nftart', 'opensea', 'digitalart', 'NFT', 'NFTCommunity', 'nftcollector', 'cat', 'kitten']",42
2021-11-22 10:40:52+00:00,#cat!!(friends) https://t.co/FxXxCK2p7u,b'pach_nid',['cat'],151
2021-11-22 10:40:11+00:00,New AstroCatz #23. Wraith  #nft #NFTs #NFTartists #nftcollectors #NFTCommmunity #nftart #cat #inu #OpenSeaNFT   https://t.co/tnfO2nKuth,b'SynzOfMan',"['nft', 'NFTs', 'NFTartists', 'nftcollectors', 'NFTCommmunity', 'nftart', 'cat', 'inu', 'OpenSeaNFT']",421
2021-11-22 10:40:08+00:00,The memory of the cat you love becomes a treasure when that cat becomes a memory.  #catlovers #cats #cat #of #catlife #catlover #catoftheday #meow #kitten #kittens #kitty #pets #pet #catlove #world #cute #catloversclub #love #gato #cutecats #cutecat #gatos #animals https://t.co/y8ccUycYrU,b'Catspoint1',"['catlovers', 'cats', 'cat', 'of', 'catlife', 'catlover', 'catoftheday', 'meow', 'kitten', 'kittens', 'kitty', 'pets', 'pet', 'catlove', 'world', 'cute', 'catloversclub', 'love', 'gato', 'cutecats', 'cutecat', 'gatos', 'animals']",663
2021-11-22 10:38:05+00:00,Aha moment! #win #Viral #beforeandafter #funny #cat #VIDEO #SocialMedia https://t.co/nv2Hn7okbz,b'WinicleOfficial',"['win', 'Viral', 'beforeandafter', 'funny', 'cat', 'VIDEO', 'SocialMedia']",499
2021-11-22 10:36:45+00:00,Mood #cat #archaon #archie #mood #thehobbyroom #warhammercommunity https://t.co/dypmcLewys,b'codexcompliant',"['cat', 'archaon', 'archie', 'mood', 'thehobbyroom', 'warhammercommunity']",434
2021-11-22 10:34:14+00:00,"Lost Dog, Please feel free to Use if Your Dog is Lost. https://t.co/idOLys34FF #dog #cat #lost #inu #neko #japan",b'where_is_my_dog',"['dog', 'cat', 'lost', 'inu', 'neko', 'japan']",5581
2021-11-22 10:32:24+00:00,#cat!!(night) https://t.co/PZprTDrgpf,b'pach_nid',['cat'],151
2021-11-22 10:32:02+00:00,Fluffy Cohen #Attorney At Claw by @LTCartoons #cat #cats #mouse #mice #cheese #lawyer #lawyers #lawschool #law #legal #humor #comics #cartoons #LTCartoons https://t.co/Q6kSpLf61C,b'GSWSyndicate',"['Attorney', 'cat', 'cats', 'mouse', 'mice', 'cheese', 'lawyer', 'lawyers', 'lawschool', 'law', 'legal', 'humor', 'comics', 'cartoons', 'LTCartoons']",7962
2021-11-22 10:31:38+00:00,"üî•üî•üôÄBURN BABY BURNüôÄ üî•üî• Our mint will continue until 8PM UTC. Every meow meow which was not minted until then, will be burned. üî•‚ù§Ô∏è‚Äçüî•üî•‚ù§Ô∏è‚Äçüî•üî•‚ù§Ô∏è‚Äçüî•üî•‚ù§Ô∏è‚Äçüî•üî•‚ù§Ô∏è‚Äçüî•üî•‚ù§Ô∏è‚Äçüî• HAPPY MEOW MEOW DAY, WE LOVE YOU CATS! üòΩüêà #NFTs #NFT #Solana #SolanaNFT #MeowMeow #cat https://t.co/bmzwqlAbv8",b'nft_meow',"['NFTs', 'NFT', 'Solana', 'SolanaNFT', 'MeowMeow', 'cat']",807
2021-11-22 10:31:06+00:00,#cat!!(cute) https://t.co/DLk58rqKzY,b'pach_nid',['cat'],151
2021-11-22 10:30:24+00:00,#cat!!(cute) https://t.co/H6ZeKxa1oH,b'pach_nid',['cat'],151
2021-11-22 10:30:11+00:00,Good morning! üíú   #goodmorning #cat #Atlanta #buenosdias #gatos #kittyupcatrescue https://t.co/RRaqvg4SyJ,b'Kittyupcat',"['goodmorning', 'cat', 'Atlanta', 'buenosdias', 'gatos', 'kittyupcatrescue']",1052
2021-11-22 10:29:49+00:00,#cat!!(cute) https://t.co/1A1syyVIug,b'pach_nid',['cat'],151
2021-11-22 10:29:36+00:00,#cat!!(cute) https://t.co/puWUncmOfg,b'pach_nid',['cat'],151
2021-11-22 10:29:19+00:00,#cat!!(cute) https://t.co/SEdhK82X1n,b'pach_nid',['cat'],151
2021-11-22 10:29:02+00:00,#cat!!(chill) https://t.co/LR6ZNYwE54,b'pach_nid',['cat'],151
2021-11-22 10:28:40+00:00,#cat!!(cute) https://t.co/fO03CMk1r6,b'pach_nid',['cat'],151
2021-11-22 10:28:38+00:00,"News reporter Catherine Snowbell interviews Citiesville‚Äôs own Madame Mayor, Margaret Princeton on her opinion in regards to the heroic champion and his amazing legion, Super Cat and the Titans of Justice. #cat #lioness #interview #CartoonArt #AnthroArt https://t.co/xmfwc1ZjLv",b'JRStartoonist92',"['cat', 'lioness', 'interview', 'CartoonArt', 'AnthroArt']",95
2021-11-22 10:28:21+00:00,#cat!!(wowzzzzz) https://t.co/B2OLuDDDnn,b'pach_nid',['cat'],151
2021-11-22 10:28:04+00:00,#cat!!(cute) https://t.co/DfSGjlmeJo,b'pach_nid',['cat'],151
2021-11-22 10:27:52+00:00,#cat!!(cute) https://t.co/WO8JjTRHcN,b'pach_nid',['cat'],151
2021-11-22 10:27:14+00:00,"Fursuit cat, my very first semi-realistic.  #fursuit #fursuitcat #cat #redcat #fursona #fursuitworkshop #furry #partial #fursuitmakers #fursuiter https://t.co/YyrKb2y8tJ",b'AleksaBrenan',"['fursuit', 'fursuitcat', 'cat', 'redcat', 'fursona', 'fursuitworkshop', 'furry', 'partial', 'fursuitmakers', 'fursuiter']",6
2021-11-22 10:27:12+00:00,#cat!!(cute) https://t.co/UBzKmJCiIQ,b'pach_nid',['cat'],151
2021-11-22 10:27:02+00:00,God made the #cat to give man the pleasure of stroking a tiger.,b'BrainyKitten',['cat'],4606
2021-11-22 10:26:57+00:00,"Pet Care We aim to bring genuine, brand name pet supplies at  affordable prices without compromising on quality.  https://t.co/uFc1xolkhe Sponsored #Frontline #Heartgard #Nexgard #dog #cat #pets  #amazon #walmart #target",b'fredvalenzuela',"['Frontline', 'Heartgard', 'Nexgard', 'dog', 'cat', 'pets', 'amazon', 'walmart', 'target']",3067
2021-11-22 10:25:36+00:00,#cat!!(night) https://t.co/P7L3YPoOlY,b'pach_nid',['cat'],151
2021-11-22 10:25:09+00:00,"#MarkingsMonday - #FindLily  #LOST #Burmese #CAT #Ormiston #Brisbane #QLD 4160 https://t.co/y0OhlYAR36  Lily is a small Lilac Tortie Burmese, her face looks light grey but she has cream eyebrows &amp; eyeliner.  #LostCat #SouthBrisbane #Redlands #Thornlands #AlexandraHills #Cleveland",b'petsarefound',"['MarkingsMonday', 'FindLily', 'LOST', 'Burmese', 'CAT', 'Ormiston', 'Brisbane', 'QLD', 'LostCat', 'SouthBrisbane', 'Redlands', 'Thornlands', 'AlexandraHills', 'Cleveland']",9555
2021-11-22 10:23:46+00:00,The perfect 'centerpiece' for our coffee table üòª  #Chingrithestarcat @chingrithestarcat #centerpiece #coffeetable #meow #precious #cat #ourfirstborn @chirodeepchaudhuri @ Thane https://t.co/4FfmbsxIUI,b'RohiniBhowmick',"['Chingrithestarcat', 'centerpiece', 'coffeetable', 'meow', 'precious', 'cat', 'ourfirstborn']",33
2021-11-22 10:22:23+00:00,How to #Train your #Cat https://t.co/Aa557dNiJg,b'PitbullDog19',"['Train', 'Cat']",835
2021-11-22 10:22:20+00:00,Play now on https://t.co/NIi6VT3NeU üòÅ It's free!!!  #viverna #quile #morganvitale #indie #indiegame #indiedev #gameplay #screenshotsaturday #videogame #casualgame #mobilegame #mobile #puzzle #riddle #brain #tile #board #madewithunity #ios #android #webgl #freetoplay #travel #cat https://t.co/nSY70CI9Qb,b'Viverna',"['viverna', 'quile', 'morganvitale', 'indie', 'indiegame', 'indiedev', 'gameplay', 'screenshotsaturday', 'videogame', 'casualgame', 'mobilegame', 'mobile', 'puzzle', 'riddle', 'brain', 'tile', 'board', 'madewithunity', 'ios', 'android', 'webgl', 'freetoplay', 'travel', 'cat']",46
2021-11-22 10:22:06+00:00,"NMIMS Distance Learning Program in MBA helps you to balance your LIFE, WORK and LEARNING efficiently.  Call us: 9888839838 or Visit: https://t.co/CSVTkIeFRV  #mba #cat #business #education #management #iim #gmat #mbalife #college #bba #bcom #businessschool #career #finance https://t.co/6WbxuI5qn3",b'AepNgasce',"['mba', 'cat', 'business', 'education', 'management', 'iim', 'gmat', 'mbalife', 'college', 'bba', 'bcom', 'businessschool', 'career', 'finance']",0
2021-11-22 10:21:23+00:00,"When I stayed in Rome for 16 days, I made friends with a cat in my neighbor's house. There I saw a cat eating pasta for the first time. #Áå´ #cat #Rome #monochrome #photography https://t.co/uok21oSZTL",b'ak17nov',"['Áå´', 'cat', 'Rome', 'monochrome', 'photography']",9
2021-11-22 10:20:45+00:00,Enter to win FUKUMARU Cat Scratcher House!  #giveaway #cats #cat #feline #pet #cathouse  @floppycats https://t.co/OvQlv0qUH1,b'RacineDKringle',"['giveaway', 'cats', 'cat', 'feline', 'pet', 'cathouse']",219
2021-11-22 10:20:42+00:00,chasing his own tail #cat #cats #CatsOfTwitter a little dumb baby https://t.co/aoOnqbbOqb,b'qbthesphere',"['cat', 'cats', 'CatsOfTwitter']",161
2021-11-22 10:17:33+00:00,Relaxing music for dogs and cats  https://t.co/QaBC9pIe8w #classicalmusic #dog #cat #dogsoftwitter #CatsofTwittter #music #relaxingmusic #zenmusic #calmingmusic #softmusic #instrumentals #soothingsounds  #instrumentalmusic #relaxtime #relaxmusic #relaxation #calmingsounds #piano,b'music2relax_',"['classicalmusic', 'dog', 'cat', 'dogsoftwitter', 'CatsofTwittter', 'music', 'relaxingmusic', 'zenmusic', 'calmingmusic', 'softmusic', 'instrumentals', 'soothingsounds', 'instrumentalmusic', 'relaxtime', 'relaxmusic', 'relaxation', 'calmingsounds', 'piano']",2651
2021-11-22 10:16:58+00:00,Tap in to see the Miracle  ~~  8 orphan Cheetah cubs rescued on their way back to life in the wild üíû https://t.co/XDoxhax6EN #cat #cats #feline #animals #cubs https://t.co/DvecoJ4irx,b'QwanZone',"['cat', 'cats', 'feline', 'animals', 'cubs']",1395
2021-11-22 10:16:11+00:00,Cooped up feeling.  #Áå´Âºè #cat #ShotoniPhone #Hipstamatic #BuzzMK1 #BlankoNoir #Yuletide https://t.co/z2jdndLKh8,b'obi_wan_eclipse',"['Áå´Âºè', 'cat', 'ShotoniPhone', 'Hipstamatic', 'BuzzMK1', 'BlankoNoir', 'Yuletide']",376
2021-11-22 10:10:29+00:00,If You talk with animals from heart they respond you from there hearts‚òπÔ∏èüò•#cat https://t.co/vg6sgzuUR6,b'Shamid__74',['cat'],3792
2021-11-22 10:10:02+00:00,Does your #cat meow at night? You might want to read this piece on reasons why that might be and how to stop it happening https://t.co/YjG1DZkijW https://t.co/bt9Ukpp6f6,b'JohnsonsVet',['cat'],15
2021-11-22 10:09:12+00:00,25 purrfectly natural reasons to love #cats | ‚ù§ 8. It's your solemn duty to provide cardboard boxes for your #cat to sit in. Don't worry about the size of the box ‚Äì just keep them coming‚Ä¶ https://t.co/YSWbAyOnAo,b'CatMamasDotCom',"['cats', 'cat']",26247
2021-11-22 10:07:14+00:00,CATERPILLAR 330GC 30 ton new original excavator üëáüëáüëá #CATERPILLAR #CAT #construction #earthmoving #Excavator https://t.co/K3ZD4bKErZ,b'FanLomen',"['CATERPILLAR', 'CAT', 'construction', 'earthmoving', 'Excavator']",7
2021-11-22 10:06:43+00:00,Join my discord or catto dies.    #cats  #cat  #Streamer  #Minecraft  #disc  #Discord  #CuteCats https://t.co/SHy21bzrcv,b'nimnimtea',"['cats', 'cat', 'Streamer', 'Minecraft', 'disc', 'Discord', 'CuteCats']",8
2021-11-22 10:06:24+00:00,in crete i made a friend today #crete #greece #cat #cats #travel https://t.co/qc3pwTykvO,b'marti_travels',"['crete', 'greece', 'cat', 'cats', 'travel']",1
2021-11-22 10:06:02+00:00,A Dough of cat.‚ù§Ô∏è #cat https://t.co/9g71gdMsPT,b'xiao0xiong',['cat'],302
2021-11-22 10:05:54+00:00,Our Favorite Pet Care #Tip https://t.co/jvJ7A6OGQA #cat #petcare #petpita,b'UsLivingLife',"['Tip', 'cat', 'petcare', 'petpita']",6127
2021-11-22 10:05:31+00:00,credits to Daria Averina at https://t.co/oKsLzMRkjU #cat #cats #cattwitter #gato #gatos #cute https://t.co/tuIMTlgd5N,b'randomkitties12',"['cat', 'cats', 'cattwitter', 'gato', 'gatos', 'cute']",72
2021-11-22 10:01:50+00:00,Quote of the day . . .  #pet #sleep #calmingbed #dog #cats #pets #dogs #dogsofinstagram #petsofinstagram #cute #cat #love #puppy #cats #petstagram #animals #animal #instadog #petanxiety #pethealth #petstress https://t.co/So18GpuRZg,b'myluxpuppy',"['pet', 'sleep', 'calmingbed', 'dog', 'cats', 'pets', 'dogs', 'dogsofinstagram', 'petsofinstagram', 'cute', 'cat', 'love', 'puppy', 'cats', 'petstagram', 'animals', 'animal', 'instadog', 'petanxiety', 'pethealth', 'petstress']",0
2021-11-22 10:01:07+00:00,Cat or Dog - which sponge is your favourite? üòªüê∂ #ScrubDaddyPets #ScrubMommy #ScrubDaddy #Dog #Cat #HenryHinch #Hinching #MrsHinchHome #MrsHinch #Hinchers #AvailableNow #New #NewProduct https://t.co/9iCFqgr3Pm,b'scrubdaddy_uk',"['ScrubDaddyPets', 'ScrubMommy', 'ScrubDaddy', 'Dog', 'Cat', 'HenryHinch', 'Hinching', 'MrsHinchHome', 'MrsHinch', 'Hinchers', 'AvailableNow', 'New', 'NewProduct']",983
2021-11-22 10:00:09+00:00,Funny Cat Videos - https://t.co/ixkwBjonfL #bestmeow #catsoftwitter #meow #cat #funnycat #cute #caturdaycuties #kitty #catlife #animals https://t.co/e2Eiu56khj,b'CatsVideosDaily',"['bestmeow', 'catsoftwitter', 'meow', 'cat', 'funnycat', 'cute', 'caturdaycuties', 'kitty', 'catlife', 'animals']",18048
2021-11-22 10:00:01+00:00,rainy day‚òîDo cats like or hate rain... #cat #munchkin #rainyday  #love https://t.co/8bbepnLl4t,b'meow_circle',"['cat', 'munchkin', 'rainyday', 'love']",719
2021-11-22 09:59:10+00:00,"Back on dry land for a few days, this guy's missed me as much as I've missed him ‚ô° . . . . . . #cats #catstagram #catsofinstagram #caturday #ginger #gingercat #gingercatsofinstagram #sleepykitten #floof #toebeans #freckles #fairylights #cat #whiskers‚Ä¶ https://t.co/GIyTRv00aR https://t.co/HPUx4edpWV",b'limitlessminnow',"['cats', 'catstagram', 'catsofinstagram', 'caturday', 'ginger', 'gingercat', 'gingercatsofinstagram', 'sleepykitten', 'floof', 'toebeans', 'freckles', 'fairylights', 'cat', 'whiskers']",249
2021-11-22 09:58:09+00:00,Don‚Äôt wake me up! #cat #monday #cute #CatsofTwittter #meow #kitty #love #animal https://t.co/ShquF8wzUG,b'I_am_JAOD',"['cat', 'monday', 'cute', 'CatsofTwittter', 'meow', 'kitty', 'love', 'animal']",170
2021-11-22 09:57:23+00:00,Mood. #scottishfold #CatsofTwittter #beautyoftheday #cat https://t.co/sls6pAIXBK,b'aik78657628',"['scottishfold', 'CatsofTwittter', 'beautyoftheday', 'cat']",59
2021-11-22 09:57:19+00:00,@Metanoia100 Buy a new door. Do you see mine? üòπüòπüòπüòπüòªüòΩüòç‚ù§üòçüëã  #Cat #CatsofTwittter https://t.co/BpWyxt1mmI,b'Caroline011x',"['Cat', 'CatsofTwittter']",6417
2021-11-22 09:56:23+00:00,"I got it from Humble Choice, so I highly recommend it to pay for a month if you are a puzzle fan. 7/10. #indiedev #gamedev #indiegames #videogames #games #puzzle #time #cat  https://t.co/8FD9KZ12Au",b'SarkSweet',"['indiedev', 'gamedev', 'indiegames', 'videogames', 'games', 'puzzle', 'time', 'cat']",1295
2021-11-22 09:53:02+00:00,Look who decides to accompany me during assignments üòä #Vtuber #cat #collegelife https://t.co/5T94KofRcx,b'Alveus_Duke',"['Vtuber', 'cat', 'collegelife']",217
2021-11-22 09:52:03+00:00,The cat and the pumpkin üéÉ  #art #illustration #kidlit #digitalpainting #drawing #ArtistOnTwitter #„Ç§„É©„Çπ„Éà #cat #whimsical https://t.co/dzKNbyzsxX,b'RhysWaters_art',"['art', 'illustration', 'kidlit', 'digitalpainting', 'drawing', 'ArtistOnTwitter', '„Ç§„É©„Çπ„Éà', 'cat', 'whimsical']",329
2021-11-22 09:49:28+00:00,The mystery of life is not a problem to be solved; it is a reality to be experienced. #kittens #kittenlifenfip  #kittenlovers #catlovers #cat #cutecats #CuteKittens #cats #CatsofTwittter https://t.co/GJog58ryUs,b'PeterParker006',"['kittens', 'kittenlifenfip', 'kittenlovers', 'catlovers', 'cat', 'cutecats', 'CuteKittens', 'cats', 'CatsofTwittter']",114
2021-11-22 09:43:03+00:00,"#CAT 2021 #Important Instructions Released for #Exam Day at https://t.co/KQvEo6StUF, Check Instructions Here #CommonAdmissionTest   https://t.co/yZLISMGodL",b'Jagranjosh',"['CAT', 'Important', 'Exam', 'CommonAdmissionTest']",20042
2021-11-22 09:40:13+00:00,"Sweet monday üåπ second reading, fascinating! ‚òïüìñü§ì  #book #cat #myth #egypt #wicca #witch #god https://t.co/vwTDnMzD3V",b'trisknell',"['book', 'cat', 'myth', 'egypt', 'wicca', 'witch', 'god']",34
2021-11-22 09:40:01+00:00,"$1,000 #REWARD - #MarkingsMonday  #FindLuna is STILL #Missing from #Freshwater, #Sydney #NSW  Luna is a Russian Blue cross #Lost #Cat with bright Yellow Eyes and long White Whiskers  https://t.co/NK0nZsRD8m  #NorthernBeaches #Freshie #FreshwaterBeach #LostCat #RussianBlue #Cats",b'petsarefound',"['REWARD', 'MarkingsMonday', 'FindLuna', 'Missing', 'Freshwater', 'Sydney', 'NSW', 'Lost', 'Cat', 'NorthernBeaches', 'Freshie', 'FreshwaterBeach', 'LostCat', 'RussianBlue', 'Cats']",9555
2021-11-22 09:38:52+00:00,Love is a word that have four legs.  #catlovers #cats #cat #of #catlife #catlover #catoftheday #meow #kitten #kittens #kitty #pets #pet #catlove #world #cute #catloversclub #love #gato #cutecats #cutecat #gatos #animals https://t.co/IQgo5bqgqT,b'Catspoint1',"['catlovers', 'cats', 'cat', 'of', 'catlife', 'catlover', 'catoftheday', 'meow', 'kitten', 'kittens', 'kitty', 'pets', 'pet', 'catlove', 'world', 'cute', 'catloversclub', 'love', 'gato', 'cutecats', 'cutecat', 'gatos', 'animals']",663
2021-11-22 09:38:29+00:00,How do I explain to my cats that I'll be gone for a week but that I'll be back and I'm not abandoning them? üò≠ #CatsofTwittter #cat #cats https://t.co/eZaOWc1fl0,b'Schizophr3nica',"['CatsofTwittter', 'cat', 'cats']",102
2021-11-22 09:37:29+00:00,My only sunshine #unconditionallove #cats_oflnstagram #cat #mondaymotivation #cheermeup https://t.co/dsd1HIAfJG,b'P4tch4riyaholic',"['unconditionallove', 'cats_oflnstagram', 'cat', 'mondaymotivation', 'cheermeup']",553
2021-11-22 09:36:53+00:00,Winter is coming. Snoozing before the heating   #Piddins #cat #catlife #catlifeüêæ #catlifeishard https://t.co/T31rQeUt9d,b'DavinaTamminga',"['Piddins', 'cat', 'catlife', 'catlife', 'catlifeishard']",91
2021-11-22 09:35:05+00:00,I still miss my lovely Fat Boab who had the sweetest nature. We named ‚ÄúFat Boabs Bar‚Äù after him so he‚Äôs always in our thoughts. ‚ù§Ô∏è #beautiful #CatsOfTwitter #cat #catlover https://t.co/RA3YyI3kBd,b'may_gilchrist',"['beautiful', 'CatsOfTwitter', 'cat', 'catlover']",1932
2021-11-22 09:32:01+00:00,Kaapo is going to the calculus removal todayüòÅ Finally he will have a clean teethü¶∑üê±  #calculusremoval #cat #whitecat #housecat #cute https://t.co/roethrzenU,b'MetalAleksiY',"['calculusremoval', 'cat', 'whitecat', 'housecat', 'cute']",1
2021-11-22 09:28:16+00:00,#MarkingsMonday - #FindBeeBee has a very distinct 'M' on his forehead.  Have you seen him?  #Lost Ginger Tabby #Cat #EasternBeach #Auckland #NZ https://t.co/WEFKuP0xzF   #AKL #LostCat #GingerTabby #TabbyCats #CatsOfNZ #AKLcats #NZcats #Tabby #TabbyCat #missing #catsofauckland,b'petsarefound',"['MarkingsMonday', 'FindBeeBee', 'Lost', 'Cat', 'EasternBeach', 'Auckland', 'NZ', 'AKL', 'LostCat', 'GingerTabby', 'TabbyCats', 'CatsOfNZ', 'AKLcats', 'NZcats', 'Tabby', 'TabbyCat', 'missing', 'catsofauckland']",9555
2021-11-22 09:27:09+00:00,The best monday medicine   #Pazartesi  #Monday  #kedi  #cat https://t.co/lsAJp8bxFF,b'Ygalsky_',"['Pazartesi', 'Monday', 'kedi', 'cat']",7
2021-11-22 09:26:47+00:00,The go-to-guide for bonding with your #cat through language communication https://t.co/n8E6zUjV8H #catcommunication #catsmeow,b'BrainyKitten',"['cat', 'catcommunication', 'catsmeow']",4606
2021-11-22 09:24:08+00:00,PLAYING GWENT TODAY! #gwent #witcher3 #thewitcher #witcher #ForHonor @ForHonorGame https://t.co/bVn6PW75SS #cat #fundraising #pathofexile,b'RoleplayerAngry',"['gwent', 'witcher3', 'thewitcher', 'witcher', 'ForHonor', 'cat', 'fundraising', 'pathofexile']",300
2021-11-22 09:22:37+00:00,Everything you need to accomplish your goals is already in you. #cat #pet #animals https://t.co/q2iq6BXXXj,b'Deepernews1',"['cat', 'pet', 'animals']",594
2021-11-22 09:20:20+00:00,when you exercise too long at the gym:  --  #kemono #kemonoart #cat #neko #kawaii #anthro #furry #furryart #„Ç±„É¢„Éé #art #digitalart https://t.co/VeEyTtoxd2,b'tringacuber',"['kemono', 'kemonoart', 'cat', 'neko', 'kawaii', 'anthro', 'furry', 'furryart', '„Ç±„É¢„Éé', 'art', 'digitalart']",232
2021-11-22 09:16:20+00:00,"As every cat owner knows, nobody owns a cat. - E P Berkeley #cat #catlovers #mondaymood https://t.co/gBDWNUHqme",b'mooslainmagazin',"['cat', 'catlovers', 'mondaymood']",36
2021-11-22 09:16:14+00:00,"As every cat owner knows, nobody owns a cat. - E P Berkeley #cat #catlovers #mondaymood https://t.co/ywpaHA9f0k",b'good_morning_uk',"['cat', 'catlovers', 'mondaymood']",39
2021-11-22 09:12:38+00:00,@opensea Jubi edition check here https://t.co/OGajSHTMdH  #NFTartwork #nftart #NFTdrops  #cryptoart #opensea #digitalart  #dropyournft #NFT #NFTCommunity  #NFTGiveaways #nftcollector  #oppathecat #cat #kitten #kucing #neko https://t.co/AizpD6rOe5,b'JC0690_',"['NFTartwork', 'nftart', 'NFTdrops', 'cryptoart', 'opensea', 'digitalart', 'dropyournft', 'NFT', 'NFTCommunity', 'NFTGiveaways', 'nftcollector', 'oppathecat', 'cat', 'kitten', 'kucing', 'neko']",42
2021-11-22 09:10:47+00:00,His name is Mister #CatsofTwittter  #CatsOnTwitter #CatsOfTwitter #cats #cat https://t.co/fu7CC6EueR,b'trevschan2',"['CatsofTwittter', 'CatsOnTwitter', 'CatsOfTwitter', 'cats', 'cat']",7008
2021-11-22 09:06:24+00:00,Chilax   #cat #CatsofTwittter #Monday https://t.co/L7klbZFmJZ,b'Afei1104',"['cat', 'CatsofTwittter', 'Monday']",2
2021-11-22 09:06:11+00:00,How I feel on a Monday morning just want to stay in bed üòî.  #Mondaymotivations #MondayMotivation #tired #cat #photo https://t.co/1Rincj2Exm,b'Yo_GKC',"['Mondaymotivations', 'MondayMotivation', 'tired', 'cat', 'photo']",179
2021-11-22 09:05:26+00:00,credits to The Lucky Neko at https://t.co/G0s0aQFqgl #cat #cats #cattwitter #gato #gatos #cute https://t.co/FsDkzdf230,b'randomkitties12',"['cat', 'cats', 'cattwitter', 'gato', 'gatos', 'cute']",72
2021-11-22 09:03:11+00:00,Dry food or wet food? #CatsOfTwitter #cats #cat #mondaythoughts https://t.co/kHlW8BUuqM,b'catyodaofficial',"['CatsOfTwitter', 'cats', 'cat', 'mondaythoughts']",35
2021-11-22 09:00:58+00:00,"Adorable üòç  A  cat rescued from an over-crowded house of around 80 cats to live a comfortable life in Ferring, West Sussex, has been named Mr May for @CatsProtection‚Äôs charity calendar. üêàüìÜ  #cat #cats #catsprotection https://t.co/aZFrWwlnX8",b'PT_Sussex',"['cat', 'cats', 'catsprotection']",2141
2021-11-22 09:00:01+00:00,#morning being lazy as the #cat in the picture  #CatsOfTwitter #travel #italy #lazymorning #blogging #blogger #italyblog #MondayMorning #visititaly https://t.co/h382BU9XkS,b'Italytodiscove1',"['morning', 'cat', 'CatsOfTwitter', 'travel', 'italy', 'lazymorning', 'blogging', 'blogger', 'italyblog', 'MondayMorning', 'visititaly']",11
2021-11-22 08:56:56+00:00,"All my friends, I don't own anyone just friend. #cats #cat #kitty #kitten #streetcat #friend #kedi https://t.co/F70UzXspnu",b'emreislyn',"['cats', 'cat', 'kitty', 'kitten', 'streetcat', 'friend', 'kedi']",31
2021-11-22 08:55:03+00:00,Sleepy blep   #Cats #Cat #Kittens #Kitten #Kitty #Pets #Pet #Meow #Moe #CuteCats #CuteCat #CuteKittens #CuteKitten #MeowMoe    https://t.co/GPpDOtyMwE https://t.co/aY6Hqh2xFe,b'MeowMoeDotCom',"['Cats', 'Cat', 'Kittens', 'Kitten', 'Kitty', 'Pets', 'Pet', 'Meow', 'Moe', 'CuteCats', 'CuteCat', 'CuteKittens', 'CuteKitten', 'MeowMoe']",20136
2021-11-22 08:55:02+00:00,Cute cat tattoo by @theyoul done using #magnumtattoosupplies ‚ù§Ô∏è . .  #colourtattoo #art #tattooink #cat #cattoo #cattattoo #pet #petportrait #tattoo #neotrad #neotradtattoo #neotradsub #neotraditional #neotraditionaltattoo  https://t.co/lJWPGANoPK https://t.co/3bsT1CraVz,b'MagnumTattoo',"['magnumtattoosupplies', 'colourtattoo', 'art', 'tattooink', 'cat', 'cattoo', 'cattattoo', 'pet', 'petportrait', 'tattoo', 'neotrad', 'neotradtattoo', 'neotradsub', 'neotraditional', 'neotraditionaltattoo']",5237
2021-11-22 08:54:30+00:00,The nobility of a persons soul can be quickly measured by how they treat cats.  #catlovers #cats #cat #of #catlife #catlover #catoftheday #meow #kitten #kittens #kitty #pets #pet #catlove #world #cute #catloversclub #love #gato #cutecats #cutecat #gatos #animals https://t.co/s17YV3qEAp,b'Catspoint1',"['catlovers', 'cats', 'cat', 'of', 'catlife', 'catlover', 'catoftheday', 'meow', 'kitten', 'kittens', 'kitty', 'pets', 'pet', 'catlove', 'world', 'cute', 'catloversclub', 'love', 'gato', 'cutecats', 'cutecat', 'gatos', 'animals']",663
2021-11-22 08:53:44+00:00,"I forgot to post about my half new oc, yea I‚Äôm not very active in Twitter so that‚Äôs why i forget to post stuff here #originalcharacter #oc #cat https://t.co/AVHG1tRYZr",b'FeathersGreenn',"['originalcharacter', 'oc', 'cat']",9
2021-11-22 08:51:26+00:00,"#pet #dog #cat #bird Only a third of US households is pet-less. A 2016 #survey by GfK suggested that Latin Americans were the most enthusiastic pet-owners globally, white #Asians were least keen, chart @JohnAuthers https://t.co/A7T75MHU2j https://t.co/N5YlPW2bCe",b'acemaxx',"['pet', 'dog', 'cat', 'bird', 'survey', 'Asians']",4042
2021-11-22 08:51:03+00:00,No I won‚Äôt go up on the bed with you Loaf.   #Cats #Cat #Kittens #Kitten #Kitty #Pets #Pet #Meow #Moe #CuteCats #CuteCat #CuteKittens #CuteKitten #MeowMoe    https://t.co/ZDGwwJRkka https://t.co/6G4VOxqE5u,b'MeowMoeDotCom',"['Cats', 'Cat', 'Kittens', 'Kitten', 'Kitty', 'Pets', 'Pet', 'Meow', 'Moe', 'CuteCats', 'CuteCat', 'CuteKittens', 'CuteKitten', 'MeowMoe']",20136
2021-11-22 08:49:28+00:00,Illustration for a draw this in your style art challenge.  #dtiys #drawthisinyourstyle #drawthisinyourstylechallenge #drawing #illustration #smiley #smileyface #cat #cartooncat https://t.co/DsGT2RiNWH,b'Dave_Windett',"['dtiys', 'drawthisinyourstyle', 'drawthisinyourstylechallenge', 'drawing', 'illustration', 'smiley', 'smileyface', 'cat', 'cartooncat']",961
2021-11-22 08:49:02+00:00,"Meet Magic, 17 years old and still purrs the second she sees you.   #Cats #Cat #Kittens #Kitten #Kitty #Pets #Pet #Meow #Moe #CuteCats #CuteCat #CuteKittens #CuteKitten #MeowMoe    https://t.co/S5rZ0Ovkp0 https://t.co/HQ5Xsqcyeq",b'MeowMoeDotCom',"['Cats', 'Cat', 'Kittens', 'Kitten', 'Kitty', 'Pets', 'Pet', 'Meow', 'Moe', 'CuteCats', 'CuteCat', 'CuteKittens', 'CuteKitten', 'MeowMoe']",20136
2021-11-22 08:45:38+00:00,üêæüêæInkless Paw Print Kits!!! üêæüêæ   #Dog #Cat #Puppy #Kitten #Pet #PawPrint #UKetsyRT #CraftBizParty  https://t.co/YaKVax8YHH,b'InklessOnEtsy',"['Dog', 'Cat', 'Puppy', 'Kitten', 'Pet', 'PawPrint', 'UKetsyRT', 'CraftBizParty']",1441
2021-11-22 08:43:28+00:00,"Cats make very little noise when they walk around. The thick, soft pads on their paws allow them to sneak up on their prey ‚Äî or you! #cat #CatsofTwittter #kittens #catlovers #catfood #britshmade #meow #kitty https://t.co/XohT5oVtRF https://t.co/MWnNvH0Ikf",b'TrophyPet',"['cat', 'CatsofTwittter', 'kittens', 'catlovers', 'catfood', 'britshmade', 'meow', 'kitty']",692
2021-11-22 08:42:12+00:00,"Remember: If you think your headphones are dying, check the socket for fluff with a straightened paperclip. https://t.co/aE8KrYMSYc #cat #gif https://t.co/uuzJxW8VSW",b'BioSymptoms',"['cat', 'gif']",107
2021-11-22 08:41:47+00:00,I know it‚Äôs only November but when the last day to enquire about  a bespoke piece of #artwork is 9th Dec you need to get the word out. Loved drawing these four this week. For more information go to https://t.co/UXFOcfJKMQ   #art #pets #dog #dogs #cat #cats #rabbit #petportrait https://t.co/erFfLDKcNJ,b'jonny_acheson',"['artwork', 'art', 'pets', 'dog', 'dogs', 'cat', 'cats', 'rabbit', 'petportrait']",3193
2021-11-22 08:34:08+00:00,ceremonial cat #Áå´ #Ëã±Ë™û #cat https://t.co/9bgXgTkpgW https://t.co/1QghA5DhRR,b'NekoNekoT_8888',"['Áå´', 'Ëã±Ë™û', 'cat']",38
2021-11-22 08:31:27+00:00,Ciao üå∫ Good Monday üò∏  to you.  #tituba #blackcat #cat #gattonero #gatto https://t.co/C7PyMjVRkQ,b'TitubaLF',"['tituba', 'blackcat', 'cat', 'gattonero', 'gatto']",54
2021-11-22 08:29:48+00:00,#CAT Exam 2021: #IIMAhmedabad releases important instructions for exam day on https://t.co/rMRSgk5A2Q  https://t.co/QJiuhMXMa3,b'PragattiOberoi8',"['CAT', 'IIMAhmedabad']",210
2021-11-22 08:29:09+00:00,"The big 12 year old #cat has decided he's not being feed enough.  He has more than the feeding guides as it is! Found a pouch of food in the hall, punctured with teeth marks &amp; a gash torn across it with it's contents missing.  He's a very clever boy. https://t.co/u6C0UGKnGJ",b'Cherie_SK',['cat'],642
2021-11-22 08:28:55+00:00,she's cute!!! #pet #cat #cute #adorable #cute #kitten #petfinder I'm looking for a home!üòøüôÄüòø https://t.co/b102AEMUpR https://t.co/CX4CU1DmEQ,b'imcodezero',"['pet', 'cat', 'cute', 'adorable', 'cute', 'kitten', 'petfinder']",16
2021-11-22 08:27:18+00:00,so excited to pack stickers soon!! shop will open around the start-mid of dec! #cat #meme #sticker https://t.co/MOQYr7Qerp,b'pishukek',"['cat', 'meme', 'sticker']",62
2021-11-22 08:26:39+00:00,"Yummy, french fries üçüüòª  Follow Hungry Cats on Instagram: https://t.co/XcUh89Irt3  Twitter: https://t.co/2uBRB2dOkB  Discord: https://t.co/kNea4UGN1B  And Tiktok: https://t.co/eLd9d4nkPB  #nft #nftart #nftartist #art #crypto #kunst #solana #illustration #digital #digitalart #cat https://t.co/o8UeP1jPNm",b'Mahiramai',"['nft', 'nftart', 'nftartist', 'art', 'crypto', 'kunst', 'solana', 'illustration', 'digital', 'digitalart', 'cat']",8910
2021-11-22 08:24:28+00:00,How to make an inexpensive cat water fountain #cat #water #fountain https://t.co/N9I6b8jjzn,b'swensonmember',"['cat', 'water', 'fountain']",7288
2021-11-22 08:22:49+00:00,Who can impress the unimpressed kitten?üôÄ She says no one can!üòæ Check our amazing collection at: https://t.co/zmgMKEIjiB ‚Üì #PpenSea #OpenSeaNFT #NFT #NFTcollection #NFTart #cryptoart #artgallery #digitalart #NFTartist #artwork #unimpressedkitten #cat  #kitten #rebelliouskitten https://t.co/8hxa13LebQ,b'Rebelliouskitt',"['PpenSea', 'OpenSeaNFT', 'NFT', 'NFTcollection', 'NFTart', 'cryptoart', 'artgallery', 'digitalart', 'NFTartist', 'artwork', 'unimpressedkitten', 'cat', 'kitten', 'rebelliouskitten']",14
2021-11-22 08:21:53+00:00,"A fun-loving look into a great #friendship between a #cat and #dog. Princess, the nicely groomed cat, wants to have a relaxing #day, but Oscar, the big, athletic dog, attempts to get Princess to join him in a #game of #fetch.   https://t.co/c3NczTjA7W by @gladwethoughtof https://t.co/Uen92FF7dA",b'BookClubPro1',"['friendship', 'cat', 'dog', 'day', 'game', 'fetch']",6489
2021-11-22 08:18:11+00:00,"If cats could talk, they wouldn‚Äôt. #cats #catsoftwitter #catlovers #kitty #kitten #kittens #cat https://t.co/Scqera9vFa",b'WeLoveCatUSA',"['cats', 'catsoftwitter', 'catlovers', 'kitty', 'kitten', 'kittens', 'cat']",219
2021-11-22 08:16:11+00:00,"This sounds like pure #motivation, unless it comes from your #cat...and then it's more likely to be all about fitting more naps into your day. https://t.co/cU4gPz9liH",b'CatMamasDotCom',"['motivation', 'cat']",26247
2021-11-22 08:16:09+00:00,#cat #animals Dog Retractable Auto Leash https://t.co/xtN3wwLLZl https://t.co/HMsiz7SCcB,b'KjPets',"['cat', 'animals']",19
2021-11-22 08:14:55+00:00,Stole the human slaves child bed #cat #CatsofTwittter https://t.co/aoS1YATH2r,b'TheNameIsDemon1',"['cat', 'CatsofTwittter']",410
2021-11-22 08:13:30+00:00,"Get a dream of choosing your best college with ""Edufoster Institute"".  Choose the best offers, deals, and preparation for CAT exam Get preparation tips, live video, and syllabus   Contact: 6290123645 ;  Visit: https://t.co/lhes0zPgwu #cat #admissionopen #edufoster #mba https://t.co/4KGNgTz5YE",b'edufosterllp',"['cat', 'admissionopen', 'edufoster', 'mba']",17
2021-11-22 08:12:15+00:00,Another day play Halo. Meow. https://t.co/8jN2wNmqu1  #cat #catvtuber #envtuber #envtubers #game #gamer #gentlecat #gentlecatch #steam #stream #streamer #streaming #vtuber #vtubers #vtuberen #vtuberuprising #youtube #youtuber #twitch #Hades,b'Gentlecat9',"['cat', 'catvtuber', 'envtuber', 'envtubers', 'game', 'gamer', 'gentlecat', 'gentlecatch', 'steam', 'stream', 'streamer', 'streaming', 'vtuber', 'vtubers', 'vtuberen', 'vtuberuprising', 'youtube', 'youtuber', 'twitch', 'Hades']",18
2021-11-22 08:11:14+00:00,@MUTTScomics @JoyceTurkington Sat on the top of my scratch post tree...You can't beat a bit of sun on your back this time of year üêæ‚òÄÔ∏èüòªüëëüò∫üå∏üêæ #kucing #cat #CatsOnTwitter https://t.co/SUlOJNtY9k,b'ArouraBlossom',"['kucing', 'cat', 'CatsOnTwitter']",339
2021-11-22 08:09:41+00:00,My little friend  #cat https://t.co/wXvdVwrI8h,b'BaronHumbert2',['cat'],6
2021-11-22 08:06:48+00:00,My Home Cat's Movie Enjoy!  https://t.co/jhsqtoDTZ7  #Cat #Animal #Baby #Cute #Funny #Youtube #Movie #Japan #Japanese #Tokyo #„Éç„Ç≥ #Áå´ #Â≠êÁå´ #Â≠ê„Éç„Ç≥ #ÂãïÁâ© #„Éö„ÉÉ„Éà #ÂãïÁîª #Êó•Êú¨ #Êù±‰∫¨,b'e_komatsuzaki',"['Cat', 'Animal', 'Baby', 'Cute', 'Funny', 'Youtube', 'Movie', 'Japan', 'Japanese', 'Tokyo', '„Éç„Ç≥', 'Áå´', 'Â≠êÁå´', 'Â≠ê„Éç„Ç≥', 'ÂãïÁâ©', '„Éö„ÉÉ„Éà', 'ÂãïÁîª', 'Êó•Êú¨', 'Êù±‰∫¨']",2176
2021-11-22 08:05:21+00:00,credits to ModCatShop at https://t.co/lwR2IeFufE #cat #cats #cattwitter #gato #gatos #cute https://t.co/Ib0goryOWZ,b'randomkitties12',"['cat', 'cats', 'cattwitter', 'gato', 'gatos', 'cute']",72
2021-11-22 08:04:37+00:00,Foster cat Baby Sara has got her winter plans sorted.   #CatsofTwittter #cat https://t.co/TfG5V2i00u,b'Stevens_Han',"['CatsofTwittter', 'cat']",1520
2021-11-22 08:01:33+00:00,"campuswaala Hello guys!  Here a video of Maharishi Arvind Institute of Engineering and Technology, Kota which will provide you with the complete information you've been looking for. https://t.co/wK4FEoIWCg  #mba #cat #management #mbalifecmat #kmat https://t.co/alhzIObxxV",b'CampusWala',"['mba', 'cat', 'management', 'mbalifecmat', 'kmat']",17
2021-11-22 08:01:18+00:00,My Home Cat's Movie Enjoy!  https://t.co/7kxUPWYGUE  #Cat #Animal #Baby #Cute #Funny #Youtube #Movie #Japan #Japanese #Tokyo #„Éç„Ç≥ #Áå´ #Â≠êÁå´ #Â≠ê„Éç„Ç≥ #ÂãïÁâ© #„Éö„ÉÉ„Éà #ÂãïÁîª,b'e_komatsuzaki',"['Cat', 'Animal', 'Baby', 'Cute', 'Funny', 'Youtube', 'Movie', 'Japan', 'Japanese', 'Tokyo', '„Éç„Ç≥', 'Áå´', 'Â≠êÁå´', 'Â≠ê„Éç„Ç≥', 'ÂãïÁâ©', '„Éö„ÉÉ„Éà', 'ÂãïÁîª']",2176
2021-11-22 08:00:05+00:00,VIDEO: My cat luffyüòö  shorts #cat.  Watch it here: https://t.co/1ae7uNzE27  With thanks to Asuz TV!,b'KittenNewsDaily',['cat'],120
2021-11-22 08:00:02+00:00,"üé• https://t.co/564xQumaEs  This #video is a compilation of the most cute and funny moments of our 6 #cats.   Please check it out and make sure to like, comment, share and subscribe for more! üëç‚ù§  #BravoDada #Cat #FunnyCats #CatVideo #CatsOfTwitter #CatsPlaying #CatLife #YouTube https://t.co/4J2fa7hC09",b'Bravo_Dada',"['video', 'cats', 'BravoDada', 'Cat', 'FunnyCats', 'CatVideo', 'CatsOfTwitter', 'CatsPlaying', 'CatLife', 'YouTube']",4766
2021-11-22 07:59:32+00:00,Happy #kittyloafmonday everyone!üêæüêàüçûüêæ Aroura üëë &amp; Blossom üå∏ üêæüòªüëëüò∫üå∏üêæ #cat #kittensoftwitter #TORTIE #CatsOnTwitter #AdoptDontShop https://t.co/MacqknmiRw,b'ArouraBlossom',"['kittyloafmonday', 'cat', 'kittensoftwitter', 'TORTIE', 'CatsOnTwitter', 'AdoptDontShop']",339
2021-11-22 07:56:03+00:00,Orange eyes on this cat. #pet #cat #eyes https://t.co/ti0QcgFiHA,b'MicrostockA',"['pet', 'cat', 'eyes']",35095
2021-11-22 07:55:37+00:00,My Home Cat's Movie Enjoy!  https://t.co/4sCNrWCD09  #Cat #Animal #Baby #Cute #Funny #Youtube #Movie #Japan #Japanese #Tokyo #„Éç„Ç≥ #Áå´ #Â≠êÁå´ #Â≠ê„Éç„Ç≥ #ÂãïÁâ© #„Éö„ÉÉ„Éà #ÂãïÁîª #Êó•Êú¨ #Êù±‰∫¨,b'e_komatsuzaki',"['Cat', 'Animal', 'Baby', 'Cute', 'Funny', 'Youtube', 'Movie', 'Japan', 'Japanese', 'Tokyo', '„Éç„Ç≥', 'Áå´', 'Â≠êÁå´', 'Â≠ê„Éç„Ç≥', 'ÂãïÁâ©', '„Éö„ÉÉ„Éà', 'ÂãïÁîª', 'Êó•Êú¨', 'Êù±‰∫¨']",2176
2021-11-22 07:54:30+00:00,My Home Cat's Movie Enjoy!  https://t.co/iy0TULTCJj  #Cat #Animal #Baby #Cute #Funny #Youtube #Movie #Japan #Japanese #ÂãïÁîª #Tokyo #ÂãïÁâ© #„Éç„Ç≥ #Áå´ #Â≠êÁå´ #Â≠ê„Éç„Ç≥ #„Éö„ÉÉ„Éà #Êó•Êú¨ #Êù±‰∫¨,b'e_komatsuzaki',"['Cat', 'Animal', 'Baby', 'Cute', 'Funny', 'Youtube', 'Movie', 'Japan', 'Japanese', 'ÂãïÁîª', 'Tokyo', 'ÂãïÁâ©', '„Éç„Ç≥', 'Áå´', 'Â≠êÁå´', 'Â≠ê„Éç„Ç≥', '„Éö„ÉÉ„Éà', 'Êó•Êú¨', 'Êù±‰∫¨']",2176
2021-11-22 07:53:28+00:00,„ÄåThe cat play with woman„Äç https://t.co/XhyCIW1eft #Áå´ #„Éç„Ç≥ #„Å≠„Åì #„Éñ„É™„ÉÜ„Ç£„ÉÉ„Ç∑„É•„Ç∑„Éß„Éº„Éà„Éò„Ç¢ #Áå´Â•Ω„Åç„Åï„Çì„Å®Áπã„Åå„Çä„Åü„ÅÑ #„Å≠„ÅìÈÉ® #„Å≠„Åì„ÅÆÁîüÊ¥ª„ÅåÁ¨¨‰∏Ä #„ÇÇ„Åµ„ÇÇ„Åµ #cat #kitten #BritishShorthair,b'omega40070574',"['Áå´', '„Éç„Ç≥', '„Å≠„Åì', '„Éñ„É™„ÉÜ„Ç£„ÉÉ„Ç∑„É•„Ç∑„Éß„Éº„Éà„Éò„Ç¢', 'Áå´Â•Ω„Åç„Åï„Çì„Å®Áπã„Åå„Çä„Åü„ÅÑ', '„Å≠„ÅìÈÉ®', '„Å≠„Åì„ÅÆÁîüÊ¥ª„ÅåÁ¨¨‰∏Ä', '„ÇÇ„Åµ„ÇÇ„Åµ', 'cat', 'kitten', 'BritishShorthair']",221
2021-11-22 07:52:53+00:00,A White Cat With A Tiny &gt;:0 Face Blockchain: Polygon I'll post other faces later https://t.co/qlmV8HxhDX #cartoon #cat #NFTs #NFT #nftart #art,b'LinwitNFTstuff',"['cartoon', 'cat', 'NFTs', 'NFT', 'nftart', 'art']",4
2021-11-22 07:51:07+00:00,@ThelmaLouise12 Happy kittyloaf Monday pawgeous furrend üêæüêàüçûüêæüòªüëëüò∫üå∏üêæ #cat #TORTIE #kucing https://t.co/dsCyVbZrrR,b'ArouraBlossom',"['cat', 'TORTIE', 'kucing']",339
2021-11-22 07:48:47+00:00,A White Cat With A Tiny &gt;:3 Face Blockchain: Polygon https://t.co/skfJwTaGW0 #cartoon #cat #NFTs #NFT #nftart #art,b'LinwitNFTstuff',"['cartoon', 'cat', 'NFTs', 'NFT', 'nftart', 'art']",4
2021-11-22 07:45:45+00:00,A White Cat With A Tiny :0 Face Blockchain: Polygon https://t.co/Oy94GITUw7 #cartoon #cat #NFTs #NFT #nftart #art,b'LinwitNFTstuff',"['cartoon', 'cat', 'NFTs', 'NFT', 'nftart', 'art']",4
2021-11-22 07:43:46+00:00,Pictures of a adorable cat sitting by the back door.   #Cat #Adorable #Animals #Pet #Mammal #Animal #Helmet #Clothing #Apparel #Manx #Abyssinian https://t.co/CpyzQAdKOs,b'Comedian_DJ',"['Cat', 'Adorable', 'Animals', 'Pet', 'Mammal', 'Animal', 'Helmet', 'Clothing', 'Apparel', 'Manx', 'Abyssinian']",485
2021-11-22 07:42:40+00:00,Check out my NFT listing on OpenSea! https://t.co/qYrf9iOxjk Ï∂úÏ≤ò @opensea   #NFT #Klaytn #Cat #NFTs #Opensea,b'aa55955978',"['NFT', 'Klaytn', 'Cat', 'NFTs', 'Opensea']",12
2021-11-22 07:42:13+00:00,My Home Cat's Movie Enjoy!  https://t.co/OmhjBn9O7y  #Cat #Animal #Baby #Cute #Funny #Youtube #Movie #Japan #Japanese #Tokyo #„Éç„Ç≥ #Áå´ #Â≠êÁå´ #Â≠ê„Éç„Ç≥ #ÂãïÁâ© #„Éö„ÉÉ„Éà #ÂãïÁîª #Êó•Êú¨ #Êù±‰∫¨,b'e_komatsuzaki',"['Cat', 'Animal', 'Baby', 'Cute', 'Funny', 'Youtube', 'Movie', 'Japan', 'Japanese', 'Tokyo', '„Éç„Ç≥', 'Áå´', 'Â≠êÁå´', 'Â≠ê„Éç„Ç≥', 'ÂãïÁâ©', '„Éö„ÉÉ„Éà', 'ÂãïÁîª', 'Êó•Êú¨', 'Êù±‰∫¨']",2176
